id,name,model_id:id,group_id:id,perm_read,perm_write,perm_create,perm_unlink
access_student_manager,student.manager,model_student_details,student_details_19.group_student_manager,1,1,1,1
access_student_batch_manager,student.batch.manager,model_student_batch,student_details_19.group_student_manager,1,1,1,1
access_course_master_manager,course.master.manager,model_course_master,student_details_19.group_student_manager,1,1,1,1
access_st_attendance_manager,st.attendance.manager,model_st_attendance,student_details_19.group_student_manager,1,1,1,1
access_st_attendance_line_manager,st.attendance.line.manager,model_st_attendance_line,student_details_19.group_student_manager,1,1,1,1
access_batch_add_wizard_manager,batch.add.wizard.manager,model_batch_add_students_wizard,student_details_19.group_student_manager,1,1,1,1
access_manage_coordinators_manager,manage.coordinators.manager,model_manage_coordinators,student_details_19.group_student_manager,1,1,1,1
access_att_report_wizard_manager,att.report.wizard.manager,model_attendance_report_wizard,student_details_19.group_student_manager,1,1,1,1
access_att_report_result_manager,att.report.result.manager,model_attendance_report_result,student_details_19.group_student_manager,1,1,1,1
access_att_report_result_line_manager,att.report.result.line.manager,model_attendance_report_result_line,student_details_19.group_student_manager,1,1,1,1
access_student_details_academic,student.details.academic,model_student_details,student_details_19.group_academic_coordinator,1,1,1,0
access_student_batch_academic,student.batch.academic,model_student_batch,student_details_19.group_academic_coordinator,1,1,1,0
access_course_master_academic,course.master.academic,model_course_master,student_details_19.group_academic_coordinator,1,0,0,0
access_st_attendance_academic,st.attendance.academic,model_st_attendance,student_details_19.group_academic_coordinator,1,1,1,0
access_st_attendance_line_academic,st.attendance.line.academic,model_st_attendance_line,student_details_19.group_academic_coordinator,1,1,1,0
access_batch_add_wizard_academic,batch.add.wizard.academic,model_batch_add_students_wizard,student_details_19.group_academic_coordinator,1,1,1,1
access_att_report_wizard_academic,att.report.wizard.academic,model_attendance_report_wizard,student_details_19.group_academic_coordinator,1,1,1,1
access_att_report_result_academic,att.report.result.academic,model_attendance_report_result,student_details_19.group_academic_coordinator,1,1,1,1
access_att_report_result_line_academic,att.report.result.line.academic,model_attendance_report_result_line,student_details_19.group_academic_coordinator,1,1,1,1
access_student_details_course,student.details.course,model_student_details,student_details_19.group_course_coordinator,1,1,1,0
access_student_batch_course,student.batch.course,model_student_batch,student_details_19.group_course_coordinator,1,1,1,0
access_course_master_course,course.master.course,model_course_master,student_details_19.group_course_coordinator,1,1,1,0
access_st_attendance_course,st.attendance.course,model_st_attendance,student_details_19.group_course_coordinator,1,1,1,0
access_st_attendance_line_course,st.attendance.line.course,model_st_attendance_line,student_details_19.group_course_coordinator,1,1,1,0
access_student_details_tl,student.details.tl,model_student_details,student_details_19.group_tl_admission,1,1,1,0
access_student_batch_tl,student.batch.tl,model_student_batch,student_details_19.group_tl_admission,1,1,1,0
access_course_master_tl,course.master.tl,model_course_master,student_details_19.group_tl_admission,1,1,1,0
access_student_details_admission,student.details.admission,model_student_details,student_details_19.group_admission_officer,1,1,1,0
access_student_batch_admission,student.batch.admission,model_student_batch,student_details_19.group_admission_officer,1,0,0,0
access_course_master_admission,course.master.admission,model_course_master,student_details_19.group_admission_officer,1,0,0,0
access_fee_structure_manager,fee.structure.manager,model_fee_structure,student_details_19.group_student_manager,1,1,1,1
access_fee_installment_manager,fee.installment.manager,model_fee_installment,student_details_19.group_student_manager,1,1,1,1
access_fee_structure_tl,fee.structure.tl,model_fee_structure,student_details_19.group_tl_admission,1,1,1,0
access_fee_installment_tl,fee.installment.tl,model_fee_installment,student_details_19.group_tl_admission,1,1,1,0
access_fee_structure_academic,fee.structure.academic,model_fee_structure,student_details_19.group_academic_coordinator,1,0,0,0
access_fee_installment_academic,fee.installment.academic,model_fee_installment,student_details_19.group_academic_coordinator,1,0,0,0
access_fee_structure_admission,fee.structure.admission,model_fee_structure,student_details_19.group_admission_officer,1,0,0,0
access_fee_installment_admission,fee.installment.admission,model_fee_installment,student_details_19.group_admission_officer,1,0,0,0
access_enrollment_manager,enrollment.manager,model_student_enrollment,student_details_19.group_student_manager,1,1,1,1
access_fee_payment_manager,fee.payment.manager,model_student_fee_payment,student_details_19.group_student_manager,1,1,1,1
access_enrollment_wizard_manager,enrollment.wizard.manager,model_enrollment_wizard,student_details_19.group_student_manager,1,1,1,1
access_enrollment_tl,enrollment.tl,model_student_enrollment,student_details_19.group_tl_admission,1,1,1,0
access_fee_payment_tl,fee.payment.tl,model_student_fee_payment,student_details_19.group_tl_admission,1,1,1,0
access_enrollment_wizard_tl,enrollment.wizard.tl,model_enrollment_wizard,student_details_19.group_tl_admission,1,1,1,1
access_enrollment_admission,enrollment.admission,model_student_enrollment,student_details_19.group_admission_officer,1,1,1,0
access_fee_payment_admission,fee.payment.admission,model_student_fee_payment,student_details_19.group_admission_officer,1,1,1,0
access_enrollment_wizard_admission,enrollment.wizard.admission,model_enrollment_wizard,student_details_19.group_admission_officer,1,1,1,1
access_enrollment_academic,enrollment.academic,model_student_enrollment,student_details_19.group_academic_coordinator,1,0,0,0
access_fee_payment_academic,fee.payment.academic,model_student_fee_payment,student_details_19.group_academic_coordinator,1,0,0,0
access_batch_transfer_history_manager,batch.transfer.history.manager,model_batch_transfer_history,student_details_19.group_student_manager,1,1,1,1
access_batch_transfer_wizard_manager,batch.transfer.wizard.manager,model_batch_transfer_wizard,student_details_19.group_student_manager,1,1,1,1
access_batch_transfer_history_tl,batch.transfer.history.tl,model_batch_transfer_history,student_details_19.group_tl_admission,1,1,1,0
access_batch_transfer_wizard_tl,batch.transfer.wizard.tl,model_batch_transfer_wizard,student_details_19.group_tl_admission,1,1,1,1
access_batch_transfer_history_admission,batch.transfer.history.admission,model_batch_transfer_history,student_details_19.group_admission_officer,1,0,0,0
access_batch_transfer_wizard_admission,batch.transfer.wizard.admission,model_batch_transfer_wizard,student_details_19.group_admission_officer,1,1,1,1
access_batch_transfer_history_academic,batch.transfer.history.academic,model_batch_transfer_history,student_details_19.group_academic_coordinator,1,0,0,0
access_att_wa_log_manager,att.wa.log.manager,model_otm_attendance_whatsapp_log,student_details_19.group_student_manager,1,1,1,1
access_att_wa_log_academic,att.wa.log.academic,model_otm_attendance_whatsapp_log,student_details_19.group_academic_coordinator,1,0,0,0
access_att_wa_log_course,att.wa.log.course,model_otm_attendance_whatsapp_log,student_details_19.group_course_coordinator,1,0,0,0
access_att_report_wizard_course,att.report.wizard.course,model_attendance_report_wizard,student_details_19.group_course_coordinator,1,1,1,1
access_att_report_result_course,att.report.result.course,model_attendance_report_result,student_details_19.group_course_coordinator,1,1,1,1
access_att_report_result_line_course,att.report.result.line.course,model_attendance_report_result_line,student_details_19.group_course_coordinator,1,1,1,1
access_otm_exam_manager,otm.exam.manager,model_otm_exam,student_details_19.group_student_manager,1,1,1,1
access_otm_exam_line_manager,otm.exam.line.manager,model_otm_exam_line,student_details_19.group_student_manager,1,1,1,1
access_otm_exam_academic,otm.exam.academic,model_otm_exam,student_details_19.group_academic_coordinator,1,1,1,0
access_otm_exam_line_academic,otm.exam.line.academic,model_otm_exam_line,student_details_19.group_academic_coordinator,1,1,1,0
access_otm_exam_course,otm.exam.course,model_otm_exam,student_details_19.group_course_coordinator,1,1,1,0
access_otm_exam_line_course,otm.exam.line.course,model_otm_exam_line,student_details_19.group_course_coordinator,1,1,1,0
access_otm_exam_subject_manager,otm.exam.subject.manager,model_otm_exam_subject,student_details_19.group_student_manager,1,1,1,1
access_otm_exam_subject_academic,otm.exam.subject.academic,model_otm_exam_subject,student_details_19.group_academic_coordinator,1,1,1,0
access_otm_exam_subject_course,otm.exam.subject.course,model_otm_exam_subject,student_details_19.group_course_coordinator,1,1,1,0
